Pregnancies,Glucose,BloodPressure,Insulin,BMI,DiabetesPedigreeFunction,Age,Outcome
5.0,77.0,82.0,42.0,35.8,0.156,35.0,0
9.0,122.0,56.0,0.0,33.3,1.114,33.0,1
0.0,113.0,76.0,0.0,33.3,0.278,23.0,1
1.0,139.0,62.0,0.0,40.7,0.536,21.0,0
10.0,161.0,68.0,132.0,25.5,0.326,47.0,1
2.0,68.0,70.0,66.0,25.0,0.187,25.0,0
2.0,108.0,80.0,0.0,27.0,0.259,52.0,1
2.0,122.0,52.0,158.0,36.2,0.816,28.0,0
3.0,120.0,70.0,135.0,42.9,0.452,30.0,0
3.0,61.0,82.0,0.0,34.4,0.243,46.0,0
3.0,173.0,84.0,0.0,35.7,0.258,22.0,1
0.0,120.0,74.0,63.0,30.5,0.285,26.0,0
0.0,125.0,68.0,0.0,24.7,0.206,21.0,0
5.0,85.0,74.0,0.0,29.0,0.254,32.0,1
2.0,101.0,58.0,265.0,24.2,0.614,23.0,0
3.0,123.0,100.0,240.0,31.992578124999998,0.88,22.0,0
0.0,134.0,58.0,291.0,26.4,0.352,21.0,0
5.0,121.0,72.0,112.0,26.2,0.245,30.0,0
4.0,189.0,69.10546875,0.0,28.5,0.68,37.0,0
8.0,107.0,80.0,0.0,24.6,0.856,34.0,0
13.0,106.0,70.0,0.0,34.2,0.251,52.0,0
1.0,95.0,82.0,180.0,35.0,0.233,43.0,1
3.0,182.0,74.0,0.0,30.5,0.345,29.0,1
3.0,163.0,70.0,105.0,31.6,0.268,28.0,1
0.0,139.0,62.0,210.0,22.1,0.207,21.0,0
1.0,108.0,88.0,0.0,27.1,0.4,24.0,0
1.0,79.0,60.0,48.0,43.5,0.678,23.0,0
5.0,109.0,75.0,0.0,36.0,0.546,60.0,0
1.0,106.0,70.0,135.0,34.2,0.142,22.0,0
0.0,180.0,90.0,90.0,36.5,0.314,35.0,1
7.0,161.0,86.0,0.0,30.4,0.165,47.0,1
2.0,128.0,78.0,182.0,43.3,0.254,31.0,1
7.0,187.0,68.0,304.0,37.7,0.254,41.0,1
3.0,122.0,78.0,0.0,23.0,0.254,40.0,0
6.0,154.0,78.0,140.0,46.1,0.571,27.0,0
9.0,164.0,78.0,0.0,32.8,0.148,45.0,1
1.0,103.0,69.10546875,83.0,43.3,0.183,33.0,0
1.0,107.0,68.0,0.0,26.5,0.165,24.0,0
4.0,90.0,69.10546875,0.0,28.0,0.61,31.0,0
11.0,111.0,84.0,0.0,46.8,0.925,45.0,1
8.0,85.0,55.0,0.0,24.4,0.136,42.0,0
7.0,133.0,84.0,0.0,40.2,0.696,37.0,0
4.0,154.0,72.0,126.0,31.3,0.338,37.0,0
2.0,101.0,58.0,90.0,21.8,0.155,22.0,0
2.0,120.0,76.0,105.0,39.7,0.215,29.0,0
0.0,137.0,68.0,148.0,24.8,0.143,21.0,0
4.0,145.0,82.0,0.0,32.5,0.235,22.0,1
3.0,113.0,44.0,0.0,22.4,0.14,22.0,0
1.0,96.0,69.10546875,0.0,22.4,0.207,27.0,0
0.0,131.0,69.10546875,0.0,43.2,0.27,26.0,1
0.0,113.0,80.0,0.0,31.0,0.874,21.0,0
4.0,120.0,68.0,0.0,29.6,0.709,34.0,0
0.0,95.0,85.0,36.0,37.4,0.247,24.0,1
8.0,155.0,62.0,0.0,34.0,0.543,46.0,1
14.0,100.0,78.0,184.0,36.6,0.412,46.0,1
9.0,184.0,85.0,0.0,30.0,0.254,49.0,1
4.0,90.0,88.0,54.0,37.7,0.362,29.0,0
7.0,142.0,60.0,190.0,28.8,0.687,61.0,0
4.0,125.0,80.0,0.0,32.3,0.536,27.0,1
1.0,101.0,50.0,36.0,24.2,0.526,26.0,0
0.0,188.0,82.0,185.0,32.0,0.682,22.0,1
9.0,170.0,74.0,0.0,44.0,0.403,43.0,1
5.0,136.0,84.0,88.0,35.0,0.286,35.0,1
1.0,128.0,82.0,183.0,27.5,0.115,22.0,0
12.0,84.0,72.0,0.0,29.7,0.297,46.0,1
7.0,142.0,90.0,0.0,30.4,0.128,43.0,1
2.0,88.0,58.0,16.0,28.4,0.766,22.0,0
1.0,96.0,64.0,87.0,33.2,0.289,21.0,0
3.0,88.0,58.0,54.0,24.8,0.267,22.0,0
1.0,124.0,60.0,0.0,35.8,0.514,21.0,0
4.0,123.0,80.0,176.0,32.0,0.443,34.0,0
5.0,97.0,76.0,0.0,35.6,0.378,52.0,1
2.0,146.0,76.0,194.0,38.2,0.329,29.0,0
1.0,100.0,74.0,46.0,19.5,0.149,28.0,0
0.0,179.0,50.0,159.0,37.8,0.455,22.0,1
7.0,137.0,90.0,0.0,32.0,0.391,39.0,0
11.0,103.0,68.0,0.0,46.2,0.126,42.0,0
2.0,112.0,78.0,140.0,39.4,0.175,24.0,0
7.0,62.0,78.0,0.0,32.6,0.391,41.0,0
6.0,194.0,78.0,0.0,23.5,0.129,59.0,1
4.0,103.0,60.0,192.0,24.0,0.966,33.0,0
5.0,112.0,66.0,0.0,37.8,0.261,41.0,1
10.0,179.0,70.0,0.0,35.1,0.2,37.0,0
4.0,84.0,90.0,56.0,39.5,0.159,25.0,0
0.0,181.0,88.0,0.0,43.3,0.222,26.0,1
1.0,109.0,56.0,135.0,25.2,0.833,23.0,0
1.0,107.0,50.0,0.0,28.3,0.181,29.0,0
2.0,111.0,60.0,0.0,26.2,0.343,23.0,0
4.0,111.0,72.0,207.0,37.1,0.254,56.0,1
6.0,137.0,61.0,0.0,24.2,0.151,55.0,0
7.0,194.0,68.0,0.0,35.9,0.745,41.0,1
0.0,118.0,64.0,89.0,31.992578124999998,0.254,21.0,0
0.0,101.0,62.0,0.0,21.9,0.336,25.0,0
9.0,154.0,78.0,100.0,30.9,0.164,45.0,0
5.0,96.0,74.0,67.0,33.6,0.997,43.0,0
4.0,122.0,68.0,0.0,35.0,0.394,29.0,0
0.0,101.0,65.0,0.0,24.6,0.237,22.0,0
4.0,129.0,60.0,231.0,27.5,0.527,31.0,0
9.0,145.0,88.0,165.0,30.3,0.771,53.0,1
8.0,108.0,70.0,0.0,30.5,0.955,33.0,1
4.0,96.0,56.0,49.0,20.8,0.34,26.0,0
7.0,81.0,78.0,48.0,46.7,0.261,42.0,0
1.0,111.0,62.0,182.0,24.0,0.138,23.0,0
4.0,117.0,62.0,0.0,29.7,0.38,30.0,1
17.0,163.0,72.0,114.0,40.9,0.817,47.0,1
1.0,89.0,69.10546875,25.0,27.8,0.559,21.0,0
0.0,123.0,72.0,0.0,36.3,0.258,52.0,1
1.0,130.0,60.0,170.0,28.6,0.692,21.0,0
1.0,91.0,64.0,0.0,29.2,0.192,21.0,0
0.0,167.0,69.10546875,0.0,32.3,0.839,30.0,1
0.0,86.0,68.0,0.0,35.8,0.238,25.0,0
6.0,114.0,69.10546875,0.0,31.992578124999998,0.189,26.0,0
6.0,92.0,62.0,126.0,32.0,0.085,46.0,0
6.0,124.0,72.0,0.0,27.6,0.368,29.0,1
7.0,109.0,80.0,0.0,35.9,1.127,43.0,1
4.0,117.0,64.0,120.0,33.2,0.23,24.0,0
2.0,83.0,66.0,50.0,32.2,0.497,22.0,0
13.0,76.0,60.0,0.0,32.8,0.18,41.0,0
5.0,123.0,74.0,77.0,34.1,0.269,28.0,0
9.0,106.0,52.0,0.0,31.2,0.38,42.0,0
1.0,119.0,86.0,220.0,45.6,0.808,29.0,1
8.0,124.0,76.0,0.0,28.7,0.687,52.0,1
1.0,71.0,78.0,45.0,33.2,0.422,21.0,0
1.0,103.0,80.0,82.0,19.4,0.491,22.0,0
0.0,114.0,80.0,285.0,44.2,0.167,27.0,0
2.0,81.0,60.0,0.0,27.7,0.29,25.0,0
6.0,104.0,74.0,156.0,29.9,0.722,41.0,1
1.0,112.0,80.0,132.0,34.8,0.217,24.0,0
4.0,131.0,68.0,166.0,33.1,0.16,28.0,0
6.0,108.0,44.0,130.0,24.0,0.813,35.0,0
3.0,142.0,80.0,0.0,32.4,0.2,63.0,0
5.0,126.0,78.0,22.0,29.6,0.439,40.0,0
4.0,92.0,80.0,0.0,42.2,0.237,29.0,0
1.0,77.0,56.0,56.0,33.3,0.254,24.0,0
10.0,129.0,76.0,122.0,35.9,0.28,39.0,0
1.0,0.0,68.0,0.0,32.0,0.389,22.0,0
2.0,121.0,70.0,95.0,39.1,0.886,23.0,0
4.0,132.0,69.10546875,0.0,32.9,0.302,23.0,1
8.0,179.0,72.0,130.0,32.7,0.719,36.0,1
1.0,95.0,60.0,58.0,23.9,0.26,22.0,0
9.0,130.0,70.0,0.0,34.2,0.652,45.0,1
6.0,195.0,70.0,0.0,30.9,0.328,31.0,1
0.0,109.0,88.0,0.0,32.5,0.855,38.0,1
5.0,168.0,64.0,0.0,32.9,0.135,41.0,1
0.0,107.0,76.0,0.0,45.3,0.686,24.0,0
10.0,101.0,76.0,180.0,32.9,0.171,63.0,0
0.0,106.0,70.0,148.0,39.4,0.605,22.0,0
2.0,197.0,70.0,0.0,30.5,0.158,53.0,1
3.0,83.0,58.0,18.0,34.3,0.336,25.0,0
2.0,83.0,65.0,66.0,36.8,0.629,24.0,0
0.0,100.0,88.0,110.0,46.8,0.962,31.0,0
2.0,105.0,58.0,94.0,34.9,0.225,25.0,0
1.0,100.0,66.0,56.0,23.6,0.666,26.0,0
10.0,122.0,68.0,0.0,31.2,0.258,41.0,0
3.0,106.0,54.0,158.0,30.9,0.292,24.0,0
4.0,114.0,65.0,0.0,21.9,0.432,37.0,0
10.0,115.0,98.0,0.0,24.0,1.022,34.0,0
5.0,116.0,74.0,0.0,25.6,0.201,30.0,0
8.0,91.0,82.0,0.0,35.6,0.587,22.0,0
10.0,125.0,70.0,115.0,31.1,0.205,41.0,1
7.0,114.0,66.0,0.0,32.8,0.258,42.0,1
5.0,115.0,98.0,0.0,31.992578124999998,0.209,28.0,1
8.0,120.0,69.10546875,0.0,30.0,0.183,38.0,1
3.0,99.0,62.0,74.0,21.8,0.279,26.0,0
3.0,84.0,72.0,0.0,37.2,0.267,28.0,0
5.0,73.0,60.0,0.0,26.8,0.268,27.0,0
6.0,0.0,68.0,0.0,39.0,0.727,41.0,1
3.0,81.0,86.0,66.0,27.5,0.306,22.0,0
8.0,176.0,90.0,300.0,33.7,0.467,58.0,1
0.0,162.0,76.0,100.0,31.992578124999998,0.759,25.0,1
2.0,102.0,86.0,120.0,45.5,0.127,23.0,1
0.0,119.0,64.0,92.0,34.9,0.725,23.0,0
6.0,190.0,92.0,0.0,35.5,0.278,66.0,1
8.0,105.0,100.0,0.0,43.3,0.239,45.0,1
2.0,92.0,76.0,0.0,24.2,0.254,28.0,0
2.0,155.0,52.0,0.0,38.7,0.24,25.0,1
2.0,139.0,75.0,0.0,25.6,0.167,29.0,0
0.0,137.0,70.0,0.0,33.2,0.17,22.0,0
0.0,102.0,75.0,0.0,31.992578124999998,0.572,21.0,0
1.0,85.0,66.0,0.0,26.6,0.351,31.0,0
11.0,120.0,80.0,150.0,42.3,0.785,48.0,1
4.0,197.0,70.0,0.0,36.7,0.254,31.0,0
7.0,187.0,50.0,0.0,33.9,0.826,34.0,1
4.0,99.0,72.0,0.0,25.6,0.294,28.0,0
4.0,171.0,72.0,0.0,43.6,0.479,26.0,1
0.0,161.0,50.0,0.0,21.9,0.254,65.0,0
0.0,137.0,84.0,0.0,27.3,0.231,59.0,0
11.0,136.0,84.0,130.0,28.3,0.26,42.0,1
5.0,166.0,76.0,0.0,45.7,0.34,27.0,1
6.0,92.0,92.0,0.0,19.9,0.188,28.0,0
3.0,173.0,82.0,0.0,38.4,0.254,25.0,1
8.0,109.0,76.0,114.0,27.9,0.64,31.0,1
0.0,131.0,66.0,0.0,34.3,0.196,22.0,1
2.0,130.0,96.0,0.0,22.6,0.268,21.0,0
2.0,90.0,70.0,0.0,27.3,0.085,22.0,0
5.0,147.0,78.0,0.0,33.7,0.218,65.0,0
11.0,135.0,69.10546875,0.0,31.992578124999998,0.578,40.0,1
1.0,199.0,76.0,0.0,42.9,0.254,22.0,1
3.0,111.0,56.0,0.0,30.1,0.557,30.0,0
6.0,87.0,80.0,0.0,23.2,0.084,32.0,0
5.0,124.0,74.0,0.0,34.0,0.22,38.0,1
0.0,95.0,64.0,105.0,44.6,0.366,22.0,0
6.0,148.0,72.0,0.0,33.6,0.627,50.0,1
2.0,68.0,62.0,15.0,20.1,0.257,23.0,0
4.0,95.0,64.0,0.0,32.0,0.161,31.0,1
0.0,132.0,78.0,0.0,32.4,0.393,21.0,0
0.0,146.0,82.0,0.0,40.5,0.254,44.0,0
1.0,90.0,62.0,59.0,25.1,0.254,25.0,0
1.0,79.0,75.0,0.0,32.0,0.396,22.0,0
0.0,99.0,69.10546875,0.0,25.0,0.253,22.0,0
4.0,173.0,70.0,168.0,29.7,0.361,33.0,1
3.0,125.0,58.0,0.0,31.6,0.151,24.0,0
0.0,91.0,80.0,0.0,32.4,0.601,27.0,0
9.0,152.0,78.0,171.0,34.2,0.893,33.0,1
1.0,143.0,74.0,61.0,26.2,0.256,21.0,0
1.0,97.0,70.0,0.0,38.1,0.218,30.0,0
1.0,88.0,62.0,44.0,29.9,0.422,23.0,0
6.0,107.0,88.0,0.0,36.8,0.727,31.0,0
1.0,97.0,66.0,140.0,23.2,0.487,22.0,0
0.0,118.0,84.0,230.0,45.8,0.551,31.0,1
7.0,196.0,90.0,0.0,39.8,0.451,41.0,1
0.0,73.0,69.10546875,0.0,21.1,0.342,25.0,0
10.0,139.0,80.0,0.0,27.1,0.254,57.0,0
8.0,126.0,88.0,108.0,38.5,0.349,49.0,0
5.0,162.0,104.0,0.0,37.7,0.151,52.0,1
6.0,103.0,72.0,190.0,37.7,0.324,55.0,0
7.0,168.0,88.0,0.0,38.2,0.787,40.0,1
0.0,126.0,86.0,120.0,27.4,0.515,21.0,0
3.0,187.0,70.0,200.0,36.4,0.408,36.0,1
2.0,100.0,64.0,0.0,29.7,0.368,21.0,0
1.0,88.0,69.10546875,99.0,31.992578124999998,0.496,26.0,1
